price,area,bedrooms,bathrooms,stories,mainroad,guestroom,basement,hotwaterheating,airconditioning,parking,prefarea,furnishingstatus
3480000,2948,1,2,3,yes,no,no,no,yes,2,yes,furnished
5800000,12911,3,2,1,yes,no,no,yes,yes,0,yes,semi-furnished
5890000,11174,3,3,3,yes,yes,no,no,no,2,yes,furnished
4140000,8035,3,2,1,yes,yes,no,no,no,2,no,semi-furnished
4200000,7950,4,1,2,yes,no,yes,no,no,2,no,semi-furnished
6470000,14142,5,1,3,yes,no,yes,no,yes,1,yes,furnished
3880000,2900,2,3,1,yes,yes,no,yes,no,1,yes,furnished
5560000,11796,5,3,2,yes,yes,no,no,no,1,no,furnished
2610000,4581,2,1,3,no,no,no,no,no,1,no,furnished
3540000,3020,5,2,1,yes,no,yes,no,yes,2,no,semi-furnished
4800000,9310,3,2,2,yes,no,no,yes,no,1,no,furnished
5760000,15845,4,2,2,no,no,yes,no,yes,1,no,furnished
6150000,12355,5,3,3,yes,no,no,no,no,1,no,unfurnished
4860000,12724,4,1,4,yes,no,no,no,no,0,no,unfurnished
5910000,12089,5,1,4,no,no,no,no,no,2,no,furnished
4830000,13087,3,1,1,yes,no,no,no,no,3,no,semi-furnished
3760000,9117,1,1,1,yes,yes,yes,no,no,1,no,semi-furnished
4390000,3514,3,3,1,yes,yes,no,no,no,3,yes,unfurnished
5360000,13868,1,3,3,yes,no,no,no,no,2,no,unfurnished
4730000,8203,5,1,1,yes,no,no,yes,no,0,no,furnished
4300000,8930,2,2,1,no,yes,no,no,yes,1,no,furnished
3380000,7045,2,1,4,no,no,no,no,no,0,no,semi-furnished
2850000,4306,2,1,4,yes,no,yes,no,no,0,no,unfurnished
6370000,15134,4,1,4,yes,no,yes,no,no,1,no,unfurnished
5030000,13021,3,1,2,yes,no,yes,no,no,1,no,furnished
4860000,11018,5,2,3,no,no,no,no,no,3,no,semi-furnished
4470000,7505,3,3,3,yes,no,no,no,yes,0,no,furnished
5200000,13621,2,2,1,no,yes,no,no,no,3,no,semi-furnished
4660000,9585,1,3,3,yes,no,yes,no,yes,0,no,unfurnished
4510000,8101,1,2,3,yes,no,yes,no,yes,0,no,semi-furnished
4670000,8204,2,1,2,yes,yes,yes,no,no,2,no,furnished
3950000,4956,5,1,4,yes,yes,no,no,yes,3,no,semi-furnished
2900000,2990,3,1,3,yes,yes,no,no,yes,2,no,semi-furnished
4040000,9719,5,1,3,yes,no,no,yes,no,0,no,unfurnished
6500000,14568,1,3,3,no,no,no,no,yes,0,no,semi-furnished
3170000,2578,1,3,4,yes,yes,yes,no,no,1,no,unfurnished
7080000,14138,5,3,3,yes,no,no,no,yes,1,no,furnished
5240000,13692,1,2,2,yes,no,no,no,no,3,yes,furnished
3470000,5676,1,2,4,yes,yes,no,no,no,1,no,semi-furnished
5240000,10840,3,2,3,no,no,yes,yes,no,0,no,furnished
4110000,4054,5,2,4,yes,yes,no,no,no,3,no,furnished
5850000,12680,4,3,1,yes,no,no,no,no,0,no,semi-furnished
5840000,11842,1,3,2,yes,no,no,no,no,0,no,furnished
4720000,6808,5,3,4,no,yes,no,no,yes,1,no,furnished
3150000,2638,5,2,3,yes,no,yes,no,no,1,no,furnished
5990000,15773,5,1,4,no,no,no,no,no,2,no,furnished
5630000,8134,5,3,1,yes,no,no,no,yes,3,no,unfurnished
6380000,14644,2,2,1,yes,no,yes,no,no,3,yes,unfurnished
6070000,11513,5,3,4,no,no,no,no,yes,1,no,furnished
5260000,12975,2,2,2,yes,yes,no,no,no,3,no,unfurnished
5750000,12706,5,3,3,no,no,no,no,yes,2,no,unfurnished
3780000,4481,3,2,2,yes,no,yes,no,yes,0,no,unfurnished
4480000,6944,4,3,2,yes,no,yes,no,no,3,no,semi-furnished
5040000,8440,4,3,4,yes,no,no,yes,no,0,no,furnished
4720000,8892,4,1,1,yes,no,no,no,no,2,yes,semi-furnished
2950000,2287,4,2,4,no,yes,no,no,no,3,no,unfurnished
4310000,9602,4,2,4,no,no,no,no,no,0,no,unfurnished
4130000,3894,4,3,3,yes,yes,no,no,yes,1,no,semi-furnished
6230000,12466,1,3,2,yes,no,no,no,yes,1,yes,furnished
6360000,11588,5,3,1,yes,no,yes,no,no,3,no,unfurnished
6450000,15072,3,2,3,yes,no,yes,no,yes,0,no,unfurnished
5540000,12486,2,2,2,yes,no,yes,no,no,2,no,semi-furnished
4270000,6984,3,2,1,yes,no,no,no,yes,1,yes,semi-furnished
6800000,15727,5,3,2,yes,no,yes,no,yes,0,no,semi-furnished
5220000,7627,5,1,4,yes,no,yes,no,yes,2,no,semi-furnished
4620000,6390,5,2,2,yes,no,no,no,yes,3,no,semi-furnished
5340000,14825,3,1,1,yes,yes,yes,no,yes,2,no,unfurnished
4530000,7040,4,3,3,no,yes,yes,no,no,0,yes,unfurnished
2560000,2760,2,2,1,yes,no,no,no,yes,0,no,semi-furnished
4820000,8482,4,2,4,yes,no,no,no,no,1,yes,semi-furnished
6500000,13227,4,2,4,yes,no,no,no,no,2,no,semi-furnished
4190000,4406,2,2,4,yes,yes,no,no,no,2,yes,furnished
5230000,8385,2,3,4,no,no,yes,yes,no,0,no,furnished
3040000,3540,1,2,1,yes,no,no,no,yes,2,no,furnished
4740000,11638,1,2,1,yes,no,no,no,yes,1,no,semi-furnished
3970000,8571,3,1,2,no,yes,no,no,yes,2,no,furnished
3270000,6454,3,1,2,no,no,no,no,no,3,no,semi-furnished
3490000,4951,1,2,4,yes,no,no,no,no,2,yes,unfurnished
5320000,9863,3,3,3,yes,yes,no,no,yes,0,yes,furnished
5480000,11395,4,3,3,yes,no,no,no,no,3,no,semi-furnished
5750000,15331,2,2,4,yes,no,yes,no,no,0,no,unfurnished
4470000,8010,2,2,3,yes,yes,no,no,no,3,no,semi-furnished
3180000,3988,2,2,2,yes,yes,no,no,no,0,no,furnished
4760000,13765,3,1,2,no,no,no,no,no,2,no,semi-furnished
4440000,10813,2,1,3,yes,no,no,no,no,0,no,semi-furnished
5190000,11838,4,2,1,yes,yes,yes,no,no,0,no,semi-furnished
1870000,3064,2,1,3,yes,no,no,no,yes,2,no,furnished
3650000,6194,3,1,3,yes,no,no,no,yes,2,no,semi-furnished
5340000,12822,2,1,3,yes,yes,no,no,no,0,no,semi-furnished
4520000,13759,1,1,3,no,no,yes,no,no,3,no,furnished
4490000,7982,4,2,4,no,no,yes,no,no,1,no,semi-furnished
6520000,13359,2,3,4,yes,no,no,no,no,1,no,furnished
5770000,13896,2,3,3,yes,no,no,no,yes,1,no,semi-furnished
4270000,7287,4,2,2,yes,no,no,no,no,1,yes,unfurnished
6010000,14717,5,2,1,yes,no,yes,no,yes,0,no,furnished
4260000,5845,4,1,4,no,no,yes,no,no,1,no,semi-furnished
3900000,5135,5,1,4,yes,yes,yes,no,no,0,no,semi-furnished
5890000,11580,5,2,3,yes,no,no,yes,yes,0,no,semi-furnished
6350000,10914,3,2,4,yes,no,no,yes,yes,1,yes,unfurnished
4040000,3683,4,1,4,yes,yes,no,no,no,2,yes,semi-furnished
6440000,13766,2,2,4,yes,yes,no,no,yes,3,yes,furnished
3130000,4558,3,1,3,yes,no,yes,no,yes,1,no,unfurnished
5490000,13361,3,1,1,yes,yes,no,no,no,1,yes,unfurnished
3640000,1757,5,3,1,yes,yes,yes,no,yes,3,no,semi-furnished
5660000,13244,5,2,1,yes,yes,yes,no,yes,2,no,furnished
5950000,13099,3,2,2,yes,no,no,no,yes,3,no,furnished
5710000,13004,4,3,3,yes,no,yes,no,no,3,no,semi-furnished
6030000,11323,2,3,2,no,no,no,no,yes,3,no,furnished
6000000,8511,5,3,1,yes,yes,no,no,yes,3,yes,furnished
4820000,11910,3,2,1,yes,yes,no,no,yes,1,no,unfurnished
4640000,5682,3,3,4,yes,no,no,no,yes,1,yes,furnished
5900000,13009,4,2,4,yes,no,no,no,yes,1,yes,furnished
5290000,9734,4,3,2,yes,no,no,no,yes,0,yes,furnished
5490000,8327,1,3,4,yes,yes,yes,no,yes,2,no,semi-furnished
5690000,9006,2,2,3,no,yes,yes,no,no,2,yes,semi-furnished
5170000,9925,1,3,4,yes,yes,no,no,no,3,no,unfurnished
3410000,2192,4,2,4,yes,no,no,no,yes,0,no,furnished
3500000,3684,1,3,3,yes,no,yes,no,yes,1,no,furnished
2720000,5221,2,1,2,yes,no,no,no,no,0,yes,semi-furnished
4700000,3316,3,3,3,yes,no,no,no,no,3,yes,semi-furnished
4140000,8046,4,2,2,yes,no,no,no,no,1,no,semi-furnished
6490000,11375,3,3,2,yes,no,no,no,yes,0,yes,unfurnished
6150000,11171,5,2,3,yes,yes,no,no,no,2,no,semi-furnished
4580000,8504,5,3,3,no,no,no,no,yes,3,no,semi-furnished
5110000,14091,1,1,3,yes,no,no,no,yes,3,no,unfurnished
5050000,9874,5,1,2,no,no,yes,no,yes,0,yes,furnished
2870000,2802,4,2,2,yes,yes,no,no,no,1,no,unfurnished
6370000,12780,4,3,1,yes,no,yes,no,yes,0,yes,semi-furnished
5750000,10010,1,3,3,yes,no,no,no,no,1,no,semi-furnished
5690000,10885,4,2,3,yes,yes,yes,no,yes,2,yes,unfurnished
5610000,9876,4,2,4,yes,no,yes,no,yes,1,no,semi-furnished
4920000,9704,3,2,3,yes,no,yes,no,no,0,no,semi-furnished
3440000,2967,1,3,2,yes,yes,no,no,no,2,yes,furnished
4940000,9786,3,2,1,no,no,yes,no,yes,0,yes,semi-furnished
5420000,13215,5,2,1,yes,no,yes,yes,no,0,no,semi-furnished
5040000,6072,4,3,2,yes,no,no,yes,yes,0,yes,furnished
4610000,10421,1,1,2,yes,no,no,no,yes,0,yes,unfurnished
3510000,2098,5,3,2,yes,yes,no,no,no,1,no,semi-furnished
4300000,6706,5,1,2,no,no,no,no,yes,3,no,semi-furnished
5100000,8004,1,1,4,yes,no,no,yes,no,3,yes,furnished
7160000,15948,5,3,1,yes,yes,yes,no,no,0,no,semi-furnished
4120000,4772,3,3,2,yes,no,yes,no,yes,0,no,furnished
3600000,5673,3,3,1,yes,no,no,no,yes,1,no,furnished
5160000,7594,3,3,2,yes,yes,yes,no,yes,2,yes,semi-furnished
6540000,16093,4,2,3,yes,no,no,no,no,2,no,furnished
6400000,14067,5,2,1,yes,no,no,yes,no,3,no,furnished
3000000,2154,4,1,2,yes,no,no,no,yes,1,yes,semi-furnished
3490000,5053,5,1,1,yes,no,no,no,yes,0,yes,semi-furnished
5080000,13605,5,1,4,yes,no,no,no,no,0,no,unfurnished
1510000,2498,1,1,3,yes,no,no,no,yes,0,no,unfurnished
5130000,14100,2,2,1,yes,yes,no,no,no,0,no,semi-furnished
3350000,5744,4,3,1,no,yes,yes,no,no,3,no,unfurnished
5730000,15001,3,3,1,yes,no,yes,yes,no,1,no,unfurnished
3620000,5921,1,2,2,yes,yes,no,no,yes,3,no,semi-furnished
3910000,7969,1,3,4,no,no,yes,no,yes,2,no,unfurnished
6170000,11280,3,3,3,yes,yes,no,no,yes,2,no,furnished
3970000,3487,4,3,4,yes,no,no,no,no,1,no,semi-furnished
4020000,9754,1,2,2,yes,no,no,no,no,3,no,semi-furnished
3950000,8997,1,1,2,yes,no,no,yes,yes,0,no,furnished
5760000,13055,1,3,2,no,no,no,yes,no,0,yes,furnished
5700000,16143,3,1,1,yes,yes,no,no,no,1,yes,unfurnished
4970000,11315,1,2,4,yes,no,yes,no,yes,1,no,semi-furnished
4530000,7603,3,1,1,yes,no,no,no,yes,2,no,furnished
5740000,7562,3,3,2,yes,no,yes,no,yes,2,yes,furnished
4970000,7731,3,2,3,yes,yes,no,no,no,2,yes,semi-furnished
5340000,13493,4,1,1,yes,no,no,no,no,1,no,unfurnished
2340000,6323,3,1,2,yes,no,no,no,no,1,no,unfurnished
4360000,4079,4,2,2,yes,no,no,no,no,3,yes,semi-furnished
4620000,6513,4,2,2,yes,no,no,yes,no,0,yes,furnished
4050000,1980,5,3,1,yes,yes,yes,no,no,2,no,furnished
2980000,3194,4,1,1,yes,no,no,yes,no,2,no,semi-furnished
3110000,2960,3,3,1,yes,yes,no,no,no,3,no,unfurnished
5060000,12876,3,2,2,yes,no,no,no,no,2,no,unfurnished
5290000,12160,2,3,1,yes,yes,no,no,no,1,no,semi-furnished
5020000,11788,3,1,4,yes,no,yes,no,no,1,no,semi-furnished
3940000,8370,1,1,1,yes,yes,yes,no,no,1,no,semi-furnished
4840000,12083,5,1,3,yes,no,yes,no,no,1,no,semi-furnished
3760000,3996,5,2,3,yes,yes,yes,yes,no,0,no,semi-furnished
6510000,14754,1,3,2,yes,no,no,no,no,2,no,semi-furnished
4080000,8940,4,1,4,yes,no,no,no,no,0,no,semi-furnished
5310000,15298,1,2,1,yes,no,no,yes,no,2,no,unfurnished
2560000,3866,4,1,1,yes,no,no,no,no,3,no,semi-furnished
4610000,8886,1,3,2,yes,no,no,no,no,3,no,furnished
4850000,11781,3,3,1,yes,no,no,no,no,0,no,furnished
5390000,8861,4,3,2,yes,no,yes,no,yes,3,no,semi-furnished
4920000,8141,4,3,2,yes,yes,no,no,no,0,no,semi-furnished
3820000,4068,3,2,4,yes,no,yes,yes,no,1,yes,semi-furnished
5140000,7193,5,3,2,yes,no,no,yes,no,0,yes,unfurnished
4010000,5124,4,1,4,yes,yes,no,no,no,0,no,furnished
4230000,6037,2,3,4,yes,no,no,no,no,0,no,semi-furnished
5660000,11597,4,3,4,yes,yes,no,no,no,0,no,unfurnished
7250000,10820,4,3,1,yes,yes,yes,no,yes,3,no,semi-furnished
5440000,10484,2,2,4,yes,no,no,no,no,0,yes,semi-furnished
5090000,6914,4,3,3,no,yes,no,yes,yes,1,no,furnished
6350000,15613,5,2,4,yes,no,no,no,no,2,no,semi-furnished
3240000,2925,5,1,2,yes,no,no,no,no,3,yes,unfurnished
4830000,6634,4,3,4,no,no,no,no,no,3,no,unfurnished
3980000,3366,4,1,3,no,no,no,no,yes,0,yes,semi-furnished
4290000,6581,2,1,1,yes,no,no,no,yes,3,no,furnished
6860000,15645,4,2,2,no,no,no,yes,no,2,yes,semi-furnished
2090000,6979,2,1,1,no,no,no,no,no,0,no,unfurnished
7010000,14869,3,3,4,yes,yes,no,no,yes,1,no,semi-furnished
3970000,8853,2,2,2,yes,no,no,no,no,3,yes,unfurnished
4610000,11830,2,1,1,yes,no,no,no,yes,1,yes,furnished
4820000,8305,1,3,3,yes,yes,no,no,no,0,yes,furnished
4890000,5518,5,2,2,yes,no,yes,no,yes,3,no,furnished
5750000,12769,1,1,1,yes,yes,yes,no,yes,3,no,furnished
6740000,15751,1,3,4,yes,no,no,no,yes,3,no,unfurnished
4810000,5484,5,2,4,yes,yes,no,yes,no,3,no,semi-furnished
5380000,12980,3,1,3,yes,yes,no,yes,no,3,no,furnished
4120000,5449,3,3,3,yes,yes,yes,no,no,1,no,semi-furnished
4850000,12080,4,2,2,yes,yes,no,yes,no,0,no,semi-furnished
5330000,13130,2,3,3,yes,yes,no,no,yes,2,no,semi-furnished
4940000,8188,1,3,3,yes,yes,no,no,yes,0,no,furnished
5540000,12372,4,2,1,yes,yes,yes,no,yes,1,no,semi-furnished
3650000,5611,1,3,1,no,yes,no,no,no,2,no,furnished
3390000,2803,3,1,2,no,no,no,no,yes,3,yes,unfurnished
2920000,3052,5,1,2,no,no,no,no,no,1,yes,furnished
4720000,8154,5,2,1,yes,no,no,no,yes,1,no,unfurnished
5860000,14782,2,3,1,yes,no,no,yes,yes,2,no,unfurnished
3190000,3506,4,2,4,yes,yes,no,no,yes,0,no,furnished
5070000,8281,4,2,2,yes,yes,no,no,yes,2,no,furnished
5080000,11893,3,3,3,no,yes,no,no,no,2,no,unfurnished
3120000,4594,1,3,3,yes,no,no,no,no,2,no,semi-furnished
6430000,12149,2,3,3,yes,no,no,no,yes,1,no,semi-furnished
3310000,6101,4,1,3,yes,no,no,no,no,3,no,furnished
6960000,13416,5,3,2,yes,no,yes,no,no,1,yes,furnished
4120000,10077,1,2,4,yes,no,no,no,no,2,no,semi-furnished
4820000,9607,4,2,2,yes,no,no,no,no,1,no,unfurnished
3870000,4222,5,2,4,no,no,yes,no,no,0,no,furnished
4300000,8389,5,1,2,yes,no,no,no,no,2,no,unfurnished
4800000,14113,3,1,1,yes,no,yes,no,no,0,no,semi-furnished
2430000,1934,1,2,4,yes,no,no,no,no,3,no,furnished
5940000,12686,2,3,1,yes,no,yes,no,no,2,no,furnished
6410000,8819,5,3,4,yes,no,no,no,yes,1,no,furnished
5950000,12118,5,1,1,yes,no,yes,yes,no,1,yes,semi-furnished
5320000,11300,4,3,1,yes,no,no,no,no,2,yes,semi-furnished
3670000,7936,1,1,3,no,no,no,no,yes,1,no,semi-furnished
5410000,6141,1,3,4,yes,yes,no,no,no,1,yes,furnished
4740000,10777,3,2,2,yes,no,no,no,no,1,no,semi-furnished
3710000,3690,3,2,1,yes,no,no,no,yes,1,no,semi-furnished
4340000,10148,1,3,1,yes,yes,no,no,no,3,no,semi-furnished
3740000,3027,4,2,4,yes,no,yes,no,no,0,yes,semi-furnished
5720000,11105,3,3,3,no,yes,no,no,no,3,no,furnished
5260000,10798,1,2,1,yes,no,yes,no,yes,1,yes,semi-furnished
2760000,2878,1,3,2,yes,no,no,no,yes,2,no,semi-furnished
4740000,12671,3,2,2,yes,no,no,no,no,0,no,semi-furnished
4970000,7699,4,1,1,yes,no,no,no,yes,1,yes,furnished
7850000,13099,5,3,4,yes,yes,no,no,yes,3,yes,semi-furnished
4220000,2255,3,2,3,yes,yes,no,no,yes,1,yes,semi-furnished
3690000,4261,2,2,1,yes,no,no,no,yes,0,no,semi-furnished
4610000,8837,5,1,3,yes,yes,no,no,no,2,no,unfurnished
2820000,4388,3,1,2,yes,no,no,no,no,0,yes,unfurnished
4500000,6449,2,2,1,yes,yes,no,no,no,1,yes,furnished
5000000,11261,3,1,2,yes,no,yes,no,no,1,no,semi-furnished
2750000,3752,1,3,1,no,no,yes,no,no,2,yes,semi-furnished
4890000,11510,2,3,1,yes,no,no,yes,yes,2,no,unfurnished
4340000,3154,3,3,4,yes,yes,no,no,yes,2,no,furnished
4730000,4198,5,3,3,yes,no,yes,no,yes,3,no,furnished
5040000,10200,4,2,1,yes,no,yes,no,yes,0,no,semi-furnished
6630000,13195,4,1,4,yes,no,yes,no,yes,1,no,furnished
3920000,4132,3,2,3,yes,no,no,yes,yes,0,no,semi-furnished
4970000,6014,1,2,4,yes,no,yes,yes,yes,0,yes,semi-furnished
5850000,15110,2,3,3,yes,yes,no,no,no,0,yes,furnished
6490000,16049,5,1,2,yes,no,no,yes,no,2,no,semi-furnished
5350000,10104,1,2,3,yes,yes,yes,no,no,3,yes,unfurnished
4030000,8154,5,2,3,yes,no,no,no,no,3,no,unfurnished
3560000,6696,4,1,3,yes,no,no,no,no,2,no,semi-furnished
4100000,10561,2,1,1,no,no,no,no,yes,3,no,furnished
4820000,10247,4,2,2,yes,no,no,no,no,0,no,furnished
4640000,5938,5,1,1,yes,yes,no,no,yes,3,no,unfurnished
2600000,1981,1,1,2,no,no,yes,no,no,3,no,unfurnished
2740000,3854,1,2,1,yes,no,no,no,yes,0,yes,semi-furnished
5710000,15597,4,1,1,yes,no,no,no,no,1,no,unfurnished
5510000,7734,5,2,4,no,no,yes,no,yes,3,no,furnished
3620000,8667,1,1,1,yes,yes,no,no,no,1,no,semi-furnished
4820000,8446,4,1,4,yes,no,no,no,no,3,no,furnished
5930000,13038,1,2,1,yes,yes,yes,no,no,3,yes,furnished
4320000,2595,4,3,4,yes,no,yes,no,no,1,no,semi-furnished
3250000,2853,4,2,2,yes,no,no,no,no,0,no,semi-furnished
3990000,5663,1,3,3,yes,yes,yes,no,yes,1,yes,unfurnished
4800000,8730,4,2,2,yes,no,yes,no,no,0,no,semi-furnished
5610000,11414,5,2,2,yes,yes,no,no,no,1,no,unfurnished
5800000,8789,5,2,2,yes,no,yes,yes,yes,2,yes,unfurnished
4870000,8068,1,3,3,yes,no,no,no,yes,1,no,semi-furnished
6230000,15295,2,3,2,no,yes,no,yes,no,0,yes,unfurnished
3330000,3992,2,3,3,yes,no,no,no,no,1,no,semi-furnished
5840000,9968,3,3,4,yes,no,yes,no,no,2,yes,semi-furnished
3380000,9539,1,2,2,yes,yes,no,no,no,0,no,furnished
5150000,8539,5,2,2,yes,no,yes,no,no,0,yes,furnished
5810000,13400,4,3,1,yes,yes,no,yes,no,3,no,unfurnished
3410000,5534,5,1,2,no,no,no,no,yes,0,yes,semi-furnished
6060000,15527,1,2,1,yes,yes,no,no,no,1,no,semi-furnished
3820000,6474,1,3,1,yes,no,yes,no,no,0,no,furnished
5930000,9579,5,2,4,yes,no,yes,no,yes,0,yes,semi-furnished
3430000,9225,2,1,1,yes,yes,no,no,no,1,no,unfurnished
6620000,14014,4,2,2,yes,no,yes,no,yes,2,no,furnished
4760000,8036,5,1,4,yes,no,yes,no,no,0,no,unfurnished
3220000,5790,1,3,4,yes,no,no,no,no,0,no,semi-furnished
2390000,1964,1,3,1,yes,no,no,no,no,0,yes,unfurnished
3830000,6941,1,1,1,yes,yes,yes,no,no,2,no,furnished
4520000,13672,1,2,2,no,yes,no,yes,no,3,no,semi-furnished
2680000,1794,1,3,3,no,no,no,no,no,0,yes,furnished
6500000,14689,5,3,4,yes,no,no,no,no,1,no,semi-furnished
3930000,9548,4,1,1,yes,no,no,no,no,1,no,unfurnished
3320000,3690,5,2,1,yes,no,no,no,yes,1,no,semi-furnished
4120000,6046,5,2,2,no,no,no,no,yes,0,no,furnished
5980000,9711,5,2,4,yes,yes,no,yes,no,0,no,unfurnished
4110000,6243,2,1,1,yes,yes,no,yes,yes,2,yes,furnished
3150000,3229,2,1,2,yes,no,yes,yes,yes,1,no,semi-furnished
6980000,11340,5,3,1,yes,no,yes,no,yes,1,yes,unfurnished
4370000,11431,2,1,1,yes,no,yes,yes,no,1,no,semi-furnished
3320000,3379,1,1,4,no,no,no,no,yes,3,no,unfurnished
3290000,5741,4,1,1,yes,no,no,no,no,2,no,semi-furnished
4360000,5198,5,1,2,yes,no,no,no,no,1,yes,unfurnished
5310000,11244,5,1,4,no,yes,no,no,no,0,no,semi-furnished
6290000,12275,5,2,3,yes,no,no,no,yes,3,no,semi-furnished
5660000,12227,1,3,1,yes,yes,yes,yes,no,3,no,furnished
5580000,15308,4,1,2,yes,no,no,no,yes,0,no,unfurnished
6140000,12833,5,1,4,yes,yes,no,no,no,3,no,furnished
4670000,6315,4,1,2,yes,yes,yes,yes,yes,2,no,unfurnished
3800000,3217,5,2,3,yes,no,no,no,no,0,yes,furnished
5650000,10593,5,1,3,yes,no,no,yes,yes,3,no,furnished
6240000,14977,3,3,3,yes,no,no,no,no,0,yes,unfurnished
6360000,15838,1,2,1,yes,yes,no,no,yes,0,no,furnished
4840000,4999,3,3,4,yes,no,yes,no,no,0,yes,semi-furnished
3160000,5090,2,2,4,yes,no,yes,no,no,1,no,unfurnished
2530000,2194,1,2,1,yes,no,yes,no,yes,2,no,furnished
3880000,3705,1,3,4,no,yes,yes,no,yes,1,no,furnished
6190000,9723,4,2,4,yes,no,no,no,yes,0,yes,semi-furnished
6110000,9605,3,3,3,yes,no,no,no,yes,0,yes,furnished
4110000,7046,3,3,2,yes,no,yes,no,no,3,no,furnished
4130000,6159,4,2,2,yes,yes,no,no,no,3,no,furnished
6760000,13723,3,3,4,yes,yes,no,no,yes,3,yes,semi-furnished
3810000,8343,4,1,1,yes,no,no,yes,no,0,no,semi-furnished
7190000,13410,1,3,4,no,yes,no,no,yes,3,yes,furnished
6450000,15664,5,3,4,yes,no,no,no,no,2,no,semi-furnished
3370000,6264,3,3,3,no,yes,no,no,no,2,no,semi-furnished
2670000,4599,1,1,2,no,yes,yes,no,no,0,yes,furnished
7440000,15514,5,3,3,yes,no,no,no,no,3,yes,semi-furnished
5270000,10886,4,2,1,yes,no,no,no,no,1,yes,unfurnished
3550000,5882,1,1,4,yes,no,no,no,no,0,yes,semi-furnished
4440000,10698,1,1,2,no,no,no,no,yes,0,no,semi-furnished
3030000,9144,1,2,1,yes,no,no,no,no,1,no,semi-furnished
6030000,14825,2,1,4,yes,no,no,no,no,0,no,furnished
2270000,5374,1,1,3,no,no,no,no,no,1,no,unfurnished
6860000,16074,4,2,3,yes,no,no,no,yes,1,no,unfurnished
5540000,15269,3,2,1,yes,no,no,no,yes,3,no,unfurnished
3520000,4279,5,1,4,yes,no,no,no,no,0,no,furnished
4210000,4045,4,3,3,no,no,yes,no,no,2,yes,semi-furnished
5860000,9407,4,3,4,no,yes,no,no,no,3,no,furnished
2640000,2303,3,2,4,yes,no,yes,no,no,3,no,semi-furnished
4240000,5997,1,3,1,yes,no,yes,yes,no,3,yes,semi-furnished
3460000,7980,1,2,1,yes,no,yes,no,yes,0,no,semi-furnished
6870000,15754,4,1,4,yes,no,no,yes,no,3,no,furnished
6530000,16089,1,1,3,yes,yes,yes,no,yes,3,no,unfurnished
4480000,3854,1,3,2,yes,no,yes,no,yes,1,yes,furnished
6390000,14623,2,3,2,yes,yes,yes,no,yes,1,no,furnished
3910000,2973,5,3,3,yes,no,no,no,no,2,no,unfurnished
5530000,12542,3,1,4,yes,no,no,no,no,1,no,unfurnished
4780000,13954,4,1,1,yes,no,yes,no,no,1,no,semi-furnished
6900000,14611,3,1,3,yes,no,yes,no,yes,3,yes,semi-furnished
3560000,4900,1,1,4,yes,no,no,no,no,3,no,furnished
5410000,14649,2,1,2,yes,no,yes,no,no,1,no,furnished
1900000,3337,1,2,2,no,no,no,no,no,3,no,semi-furnished
4880000,9199,4,1,4,yes,no,no,no,no,1,no,semi-furnished
3590000,8481,1,3,1,yes,no,no,no,no,3,no,semi-furnished
3640000,6246,2,2,2,no,yes,yes,no,no,2,no,furnished
2980000,1971,5,1,2,yes,no,no,no,no,1,yes,semi-furnished
5910000,12882,3,2,4,yes,yes,yes,no,no,0,no,unfurnished
4530000,6532,3,3,1,yes,no,no,no,yes,2,yes,furnished
4500000,11277,3,1,2,no,no,no,no,yes,1,no,furnished
3940000,7618,4,1,1,yes,no,no,no,yes,0,no,semi-furnished
3800000,7086,2,1,4,no,yes,no,yes,no,0,no,unfurnished
7600000,14545,4,3,3,yes,no,yes,no,no,3,no,semi-furnished
2000000,3024,5,1,2,yes,no,no,no,no,0,no,unfurnished
5970000,12367,3,2,2,yes,yes,no,no,no,3,yes,semi-furnished
5990000,12515,3,2,1,yes,yes,yes,no,yes,3,yes,furnished
4880000,7178,1,3,4,yes,no,no,yes,no,0,yes,semi-furnished
3240000,5468,2,1,3,yes,no,no,no,yes,2,no,furnished
2710000,1727,5,3,2,no,yes,no,no,no,2,no,unfurnished
6930000,15280,3,3,2,yes,yes,no,no,yes,1,yes,furnished
6030000,15439,2,2,3,yes,no,no,no,no,2,no,furnished
3270000,5156,3,1,3,yes,no,no,no,no,1,no,semi-furnished
3220000,2114,3,3,2,yes,no,yes,no,no,1,no,semi-furnished
3310000,3436,3,1,2,yes,no,no,no,yes,1,yes,semi-furnished
3030000,2634,4,2,3,yes,yes,yes,no,no,3,no,semi-furnished
5780000,13742,2,2,3,yes,yes,no,no,no,2,no,unfurnished
5540000,14627,4,1,3,yes,no,no,no,no,1,no,unfurnished
3630000,3880,3,2,1,no,yes,no,no,no,3,yes,unfurnished
5850000,12515,5,1,2,yes,yes,yes,no,yes,3,no,semi-furnished
2270000,4258,1,1,3,yes,no,yes,no,no,3,no,semi-furnished
3780000,6992,1,1,4,yes,no,no,no,yes,2,no,semi-furnished
5510000,10371,3,1,3,yes,no,yes,no,yes,1,no,semi-furnished
5250000,12124,3,2,2,no,no,yes,no,no,3,no,semi-furnished
6490000,14374,4,3,3,no,no,no,yes,no,1,yes,semi-furnished
2030000,2301,3,1,1,no,no,no,no,yes,1,no,furnished
4280000,4508,5,1,1,yes,no,no,no,yes,1,no,furnished
3450000,5731,3,1,3,yes,no,no,yes,yes,3,no,unfurnished
4150000,6165,1,2,4,yes,no,no,no,yes,2,yes,furnished
6070000,16171,1,1,4,yes,no,yes,no,no,1,no,semi-furnished
5400000,12961,5,2,3,yes,no,no,no,yes,1,no,semi-furnished
3570000,6312,1,1,1,yes,no,no,yes,no,1,no,furnished
6800000,15790,5,1,4,no,yes,no,no,yes,2,no,unfurnished
4890000,8914,2,2,2,yes,no,no,no,yes,1,no,furnished
4560000,8935,1,2,2,yes,yes,no,no,no,2,yes,unfurnished
4230000,7960,2,2,4,yes,no,no,no,yes,1,no,unfurnished
3460000,3743,4,3,3,yes,yes,no,no,no,1,no,furnished
6410000,15245,3,2,3,yes,yes,no,no,no,3,no,furnished
2770000,1852,4,3,2,yes,no,yes,no,no,1,no,semi-furnished
3590000,4185,4,2,4,no,no,yes,no,no,0,no,semi-furnished
3770000,4991,3,1,2,yes,no,no,no,yes,1,no,furnished
4770000,5713,4,1,3,yes,yes,yes,no,no,2,yes,unfurnished
3640000,3568,5,1,4,yes,yes,no,no,no,0,no,furnished
2850000,1911,3,2,3,yes,no,no,no,no,1,no,unfurnished
4640000,11509,1,1,1,yes,yes,no,yes,yes,0,no,furnished
7100000,15753,3,3,2,yes,yes,yes,no,yes,2,yes,unfurnished
4040000,3422,5,2,2,yes,no,no,no,yes,2,no,furnished
4440000,5964,2,3,4,yes,yes,no,no,yes,3,no,semi-furnished
5960000,9017,5,3,3,yes,yes,yes,no,no,1,yes,semi-furnished
6440000,15145,3,2,2,yes,no,yes,yes,yes,3,no,furnished
4940000,11751,4,1,3,yes,no,yes,no,yes,0,no,unfurnished
6600000,12798,2,3,3,yes,no,yes,no,yes,3,no,furnished
5280000,10105,5,1,2,yes,no,yes,no,no,2,no,semi-furnished
3380000,7717,1,1,2,yes,no,no,no,yes,3,no,semi-furnished
4310000,4556,2,3,4,no,yes,no,no,no,3,yes,semi-furnished
6690000,14225,3,2,3,yes,no,yes,no,yes,2,yes,furnished
5240000,13350,3,1,1,yes,no,yes,no,no,1,no,furnished
4200000,2015,3,2,3,yes,no,yes,yes,yes,2,no,furnished
5290000,12059,1,2,3,yes,no,no,no,no,3,no,semi-furnished
4190000,2877,2,3,3,yes,no,yes,no,yes,3,no,furnished
6610000,12402,1,3,3,no,yes,no,no,yes,3,yes,unfurnished
6140000,13667,3,1,4,yes,yes,yes,no,yes,0,yes,semi-furnished
2790000,3556,2,1,2,yes,yes,yes,no,yes,2,no,semi-furnished
3950000,7962,3,2,2,yes,no,no,no,yes,0,no,semi-furnished
2910000,3450,3,1,1,yes,yes,yes,no,no,2,no,furnished
4160000,9903,4,1,3,yes,no,yes,yes,no,3,no,semi-furnished
6150000,15146,3,1,2,yes,yes,yes,no,yes,0,no,furnished
2490000,2826,4,1,2,yes,no,no,no,no,2,no,semi-furnished
4820000,7434,3,3,3,yes,no,no,no,no,3,no,semi-furnished
7270000,15808,4,1,2,yes,yes,no,yes,yes,3,yes,semi-furnished
3520000,6028,4,1,2,yes,yes,no,no,yes,1,no,unfurnished
3980000,3573,2,3,2,yes,yes,yes,no,yes,0,no,furnished
4530000,8758,2,1,2,yes,no,no,no,yes,3,no,semi-furnished
5180000,9046,4,3,1,yes,yes,yes,yes,no,3,no,furnished
4530000,11294,2,1,4,yes,no,no,no,no,2,no,semi-furnished
2260000,6214,3,1,1,yes,no,no,no,no,3,no,unfurnished
5200000,15554,1,1,2,yes,no,no,no,no,0,yes,furnished
4560000,9230,3,3,3,yes,no,no,no,no,2,no,semi-furnished
3780000,5817,3,2,1,yes,no,yes,no,yes,0,no,semi-furnished
6980000,15622,4,2,3,yes,no,no,no,yes,3,yes,furnished
5870000,15105,3,1,3,yes,yes,no,no,yes,2,no,unfurnished
4340000,8912,2,1,3,yes,no,no,no,yes,3,yes,semi-furnished
3820000,2011,5,2,2,yes,yes,no,no,yes,2,yes,unfurnished
4580000,10335,3,1,1,yes,no,yes,yes,no,0,no,semi-furnished
5570000,9728,5,2,4,yes,no,no,yes,yes,0,no,unfurnished
3960000,3806,4,3,2,yes,no,no,no,yes,1,no,furnished
4550000,10874,3,3,4,no,no,no,no,no,2,no,semi-furnished
5920000,13883,5,2,1,yes,yes,yes,no,yes,0,no,unfurnished
1980000,3190,1,1,1,yes,no,no,no,no,3,no,semi-furnished
5710000,12174,5,1,4,yes,no,no,yes,yes,0,no,semi-furnished
3800000,3691,5,3,4,yes,no,no,no,no,1,no,unfurnished
6860000,12545,3,2,4,yes,no,yes,no,yes,0,yes,semi-furnished
4960000,7748,4,2,4,yes,no,yes,no,no,1,no,semi-furnished
2820000,1744,3,2,1,yes,no,no,yes,yes,1,yes,semi-furnished
6200000,15708,2,1,4,no,yes,yes,no,yes,0,no,unfurnished
3870000,4064,4,3,3,yes,no,no,no,no,2,no,unfurnished
4910000,10322,2,3,1,yes,yes,no,no,yes,3,no,semi-furnished
4010000,4290,2,3,1,no,no,yes,no,yes,3,no,furnished
6690000,15225,3,3,4,yes,no,yes,no,no,1,no,furnished
5730000,12392,5,1,2,yes,yes,no,no,yes,3,yes,semi-furnished
5570000,13353,2,1,4,yes,no,yes,no,no,3,no,unfurnished
3820000,7936,3,1,1,yes,no,no,no,no,3,no,semi-furnished
4970000,8450,1,3,2,yes,yes,no,no,yes,1,yes,furnished
4800000,10879,1,2,2,yes,yes,no,no,no,3,no,furnished
5180000,13068,1,2,2,yes,yes,no,no,yes,2,no,semi-furnished
6090000,13973,1,3,3,yes,yes,no,no,no,0,yes,unfurnished
3660000,1909,5,2,4,yes,no,no,no,yes,1,no,furnished
6540000,11304,5,3,4,yes,no,yes,no,yes,2,no,semi-furnished
4450000,3238,5,3,3,yes,yes,no,no,yes,0,yes,unfurnished
1750000,5839,1,1,1,no,no,no,no,no,1,no,unfurnished
5470000,13718,1,2,4,yes,yes,no,no,no,3,no,furnished
2440000,5294,2,3,3,yes,no,no,no,no,0,no,unfurnished
6190000,13243,3,3,3,yes,no,yes,no,no,1,no,semi-furnished
3610000,8386,2,1,3,yes,no,yes,no,no,0,yes,unfurnished
3910000,5034,3,1,4,yes,yes,yes,no,no,2,no,furnished
3780000,6513,1,2,4,yes,no,yes,no,no,0,no,semi-furnished
5830000,9372,4,3,3,yes,no,no,no,no,3,yes,semi-furnished
4710000,12782,2,1,3,no,yes,yes,no,yes,0,no,semi-furnished
5090000,10467,1,2,3,yes,yes,no,no,no,3,yes,semi-furnished
6930000,15228,4,1,2,yes,yes,yes,no,no,3,no,semi-furnished
7500000,14275,5,1,2,yes,no,yes,no,yes,3,yes,semi-furnished
5750000,12611,1,2,3,no,no,no,no,yes,3,no,furnished
5220000,10425,3,2,1,yes,no,yes,yes,yes,0,no,semi-furnished
3810000,5867,5,2,2,yes,no,no,no,no,3,no,furnished
4550000,7652,4,1,3,yes,no,no,no,yes,2,no,unfurnished
3830000,3379,5,3,4,yes,no,no,no,no,3,no,unfurnished
4550000,7094,3,1,3,yes,yes,yes,no,no,3,no,furnished
5630000,15130,2,3,2,no,no,no,no,no,2,no,furnished
4390000,7846,4,1,2,no,yes,yes,no,yes,1,no,furnished
2840000,3304,1,3,3,yes,no,no,no,no,0,no,semi-furnished
4580000,11135,2,2,3,yes,no,no,no,no,0,no,unfurnished
6860000,15656,4,2,1,no,no,yes,no,yes,1,yes,semi-furnished
6040000,14271,4,1,3,no,no,yes,no,yes,3,no,furnished
3750000,5637,1,3,2,yes,no,yes,yes,yes,2,no,furnished
5660000,8254,3,1,3,yes,no,yes,no,yes,1,yes,furnished
5590000,9376,2,2,4,yes,no,no,no,no,0,yes,unfurnished
4340000,5256,3,3,4,yes,yes,no,no,no,2,no,semi-furnished
3960000,5559,5,3,3,yes,yes,no,no,no,2,no,semi-furnished
3410000,5093,1,3,2,no,no,yes,no,no,3,yes,semi-furnished
6180000,16121,5,1,2,no,yes,no,no,no,2,no,unfurnished
5860000,12504,3,3,1,no,no,yes,no,no,2,no,semi-furnished
5990000,13884,4,3,4,yes,yes,no,no,no,3,no,unfurnished
5880000,13531,3,1,4,yes,yes,yes,no,yes,1,no,unfurnished
6180000,15605,2,1,4,yes,no,yes,no,no,3,no,semi-furnished
3990000,3181,4,3,2,yes,yes,no,no,yes,1,no,unfurnished
5630000,14477,4,1,2,yes,no,yes,no,no,0,no,furnished
1930000,2618,1,2,4,yes,no,no,no,no,1,no,semi-furnished
4640000,8567,4,1,3,yes,yes,no,no,no,0,no,furnished
5920000,10299,4,1,3,yes,no,yes,no,yes,0,yes,semi-furnished
4530000,6856,2,3,2,yes,no,no,no,no,3,yes,furnished
3910000,3776,5,1,2,yes,no,no,no,yes,3,no,furnished
3620000,4447,4,3,3,yes,no,no,no,no,0,no,furnished
6020000,13648,2,3,4,yes,no,no,no,yes,3,no,semi-furnished
3180000,6287,1,1,2,yes,no,no,no,no,0,no,semi-furnished
3650000,6165,4,1,4,no,no,no,no,no,1,no,semi-furnished
6370000,15084,2,3,1,yes,no,no,no,yes,2,no,semi-furnished
3940000,3743,4,2,2,yes,no,no,no,yes,1,no,unfurnished
5870000,14967,3,1,4,yes,no,yes,no,no,2,yes,unfurnished
6690000,15050,3,3,4,yes,no,yes,no,no,3,no,furnished
4500000,10359,1,1,4,yes,no,no,no,yes,0,no,semi-furnished
3140000,4058,4,1,2,yes,no,yes,no,yes,0,no,semi-furnished
4320000,3917,1,3,4,yes,no,yes,yes,no,3,yes,unfurnished
4000000,5792,3,1,4,yes,yes,yes,yes,no,2,no,semi-furnished
4920000,10051,5,2,4,yes,yes,no,no,no,2,no,unfurnished
4250000,3885,5,3,1,yes,no,yes,no,yes,1,no,furnished
5090000,8279,5,2,3,yes,no,no,no,no,1,yes,semi-furnished
4210000,3330,5,2,4,yes,no,no,no,yes,2,no,unfurnished
5440000,9511,3,2,4,yes,yes,no,no,yes,2,no,semi-furnished
1970000,1957,2,1,1,yes,no,yes,no,no,0,no,unfurnished
6820000,11966,5,2,4,yes,no,no,no,yes,2,yes,furnished
3340000,2456,5,3,1,yes,no,no,no,no,2,no,furnished
2980000,4484,5,1,2,yes,no,no,no,no,0,no,furnished
3960000,4191,4,3,3,yes,no,no,no,no,1,no,furnished
5450000,13740,1,2,2,yes,no,yes,no,no,3,no,furnished
